{"mean":{"confidence_interval":{"confidence_level":0.99,"lower_bound":-0.03796562243292298,"upper_bound":-0.011674806766872759},"point_estimate":-0.02785561663203384,"standard_error":0.005748008419583031},"median":{"confidence_interval":{"confidence_level":0.99,"lower_bound":-0.04235119776996388,"upper_bound":-0.02896879681202139},"point_estimate":-0.03668976194963314,"standard_error":0.0030857807920301877}}