{"mean":{"confidence_interval":{"confidence_level":0.99,"lower_bound":0.008539085072863448,"upper_bound":0.05276616208182729},"point_estimate":0.029392133984748048,"standard_error":0.009771457225178975},"median":{"confidence_interval":{"confidence_level":0.99,"lower_bound":0.01283887104418477,"upper_bound":0.03262714200197405},"point_estimate":0.023901774432523615,"standard_error":0.004934165476672468}}