{"mean":{"confidence_interval":{"confidence_level":0.99,"lower_bound":0.0035265230422142527,"upper_bound":0.021922810986614083},"point_estimate":0.01140182645957677,"standard_error":0.004386467053088768},"median":{"confidence_interval":{"confidence_level":0.99,"lower_bound":-0.0010429231105711922,"upper_bound":0.006721576561891318},"point_estimate":0.0035573081817033003,"standard_error":0.001454084768489532}}