{"mean":{"confidence_interval":{"confidence_level":0.99,"lower_bound":815.3665502736644,"upper_bound":842.1593253090238},"point_estimate":826.1066596778535,"standard_error":5.259483336878608},"median":{"confidence_interval":{"confidence_level":0.99,"lower_bound":807.376089451979,"upper_bound":822.9479291432895},"point_estimate":815.9236626704308,"standard_error":3.1383396328156263},"median_abs_dev":{"confidence_interval":{"confidence_level":0.99,"lower_bound":13.475091568231612,"upper_bound":26.787884308557256},"point_estimate":20.297782126724133,"standard_error":2.709341443669851},"slope":{"confidence_interval":{"confidence_level":0.99,"lower_bound":809.4704826803279,"upper_bound":824.3237064340908},"point_estimate":816.2532189740025,"standard_error":2.928544562184011},"std_dev":{"confidence_interval":{"confidence_level":0.99,"lower_bound":17.50456433337701,"upper_bound":85.90860664516326},"point_estimate":52.8815849732161,"standard_error":15.235764857700477}}